id	title	description	link	image_link	additional_image_link	price	availability	condition	brand	google_product_category	identifier_exists	mpn	material	color
20260216_100	Маленькая лесная сова-свистулька — керамический спутник ручной работы	Где-то в тихом лесу, где лунный свет пробивается сквозь ветви, а старые деревья шепчут свои тайны, живёт маленькая сова-хранительница. Эта миниатюрная керамическая совушка была с любовью вылеплена и расписана вручную. Она настолько мала, что легко помещается в кармане и готова сопровождать своего хозяина в повседневных приключениях, напоминая о том, как важно сохранять любопытство, внимательность и способность видеть чудеса вокруг. Её золотистые глаза словно хранят мудрость леса, а мягкий голос свистульки приносит с собой частичку природы. Стоит лишь слегка подуть в неё — и можно представить лесные тропинки, шелест листвы и тихие вечера под звёздным небом. Каждая совушка создаётся вручную, поэтому каждая обладает собственным характером. Двух совершенно одинаковых хранительниц не существует. ✨ Ручная работа из керамики ✨ Ручная роспись ✨ Настоящая свистулька ✨ Миниатюрный карманный спутник ✨ Уникальный коллекционный экземпляр Прекрасный подарок для любителей сов, природы, коллекционеров, мечтателей и всех, кто верит, что в повседневной жизни всё ещё есть место маленькому волшебству. Пусть эта крошечная хранительница леса поселится рядом с вами и станет спутницей ваших приключений.	https://www.likaval.com/ru/products/20260216_100.html	https://www.likaval.com/assets/products/20260216_100/IMG_7840.JPG	https://www.likaval.com/assets/products/20260216_100/IMG_7841.JPG,https://www.likaval.com/assets/products/20260216_100/IMG_7842.JPG,https://www.likaval.com/assets/products/20260216_100/IMG_7845.JPG,https://www.likaval.com/assets/products/20260216_100/IMG_7847.JPG	100.00 ILS	in_stock	new	Лика Вал	Home & Garden > Decor > Decorative Accents	FALSE	20260216_100	керамика, глина, глазурь	
20260519_150	Резное керамическое блюдо для олив	"Это резное керамическое блюдо добавляет в ваш дом прикольный запах средневосточной теплоты и духа ручного дела. Оно изготовлено из натуральной глины и ручным покрасом с оливковыми ветками и яркими оливками, придавая каждому изделию свое уникальное характер и благородные несовершенства, которые делают резную керамику так специальной. Теплые земляные тона в сочетании с яркими желтыми и зелеными деталями создают тёплую рустичную атмосферу, инspiрированную сельской кухней и медленному образу жизни. Прекрасно подходит для украшения фермерского интерьера и является уникальной декоративной вещью для повседневного использования ✨ Детали:
• Резное керамическое блюдо
• Ручной покрас оливковой ветки
• Прозрачный продуктобезопасный красок
• Уникальное ручное изделие — каждый экземпляр отличается друг от друга
• Рустичный стиль Средиземноморья
Сделано с любовью и вниманием к деталям для тех, кто ценит настоящую резную керамику и тёплые домашние моменты 🫒💛"	https://www.likaval.com/ru/products/20260519_150.html	https://www.likaval.com/assets/products/20260519_150/IMG_0869.JPG	https://www.likaval.com/assets/products/20260519_150/IMG_0872.JPG,https://www.likaval.com/assets/products/20260519_150/IMG_0873.JPG,https://www.likaval.com/assets/products/20260519_150/IMG_0874.JPG,https://www.likaval.com/assets/products/20260519_150/IMG_0875.JPG	150.00 ILS	in_stock	new	Лика Вал	Kitchen & Dining > Tableware > Serveware	FALSE	20260519_150	керамика, глина, глазурь	
20260520_280	Керамическая кружка с филином словно создана для тихих утренних ритуалов	Глубокий шоколадно-графитовый оттенок, выразительная фактура и детально прорисованный филин придают изделию особую атмосферу лесной магии и тепла ручной работы. Филин с внимательным взглядом и декоративными перьями выглядит как хранитель маленьких тайн и домашнего уюта. Объёмный рельеф, природные оттенки глазури и необычная форма ручки делают кружку не просто посудой, а настоящим художественным объектом. На обратной стороне кружки расположены отпечатки дубовых листьев и маленьких желудей — словно ветви старого лесного дуба мягко коснулись поверхности глины и навсегда оставили на ней свой след. Эти природные детали добавляют изделию ощущение связи с лесом, природой и древними сказаниями. Каждая деталь выполнена вручную, поэтому кружка хранит живую энергию керамики и уникальный характер мастера. Эта кружка станет: * прекрасным подарком для любителей сов, филинов и лесной эстетики * уютным спутником для кофе, чая или какао * атмосферным украшением кухни или творческого пространства * уникальной коллекционной керамикой ручной работы Тёплая, немного сказочная и очень живая — кружка, в которую хочется наливать любимый напиток снова и снова ✨	https://www.likaval.com/ru/products/20260520_280.html	https://www.likaval.com/assets/products/20260520_280/IMG_0852.JPG	https://www.likaval.com/assets/products/20260520_280/IMG_0853.JPG,https://www.likaval.com/assets/products/20260520_280/IMG_0854.JPG,https://www.likaval.com/assets/products/20260520_280/IMG_0855.JPG,https://www.likaval.com/assets/products/20260520_280/IMG_0860.JPG	280.00 ILS	in_stock	new	Лика Вал	Kitchen & Dining > Tableware > Drinkware > Mugs	FALSE	20260520_280	керамика, глина, глазурь	
